{
  "accuracy": 0.7932456312585903,
  "acc_vs_correct_side": 0.7932456312585903,
  "cross_entropy": 0.38358460249248844,
  "ce_vs_correct_side": 0.38358460249248844,
  "domain": "real",
  "regime": "history_only",
  "model_id": "tanh_pc",
  "stage": "real_regime",
  "n_sessions": 8,
  "n_trials_pooled": 5093,
  "kyan_diagnostics": {
    "zero_contrast_observed_choice_probability": {
      "low_p_right_block": 0.3816693176041373,
      "high_p_right_block": 0.5852243601613444
    },
    "counterfactual_zero_evidence_choice_probability": {
      "low_p_right_block": 0.3723707082502819,
      "high_p_right_block": 0.5896395211052115,
      "history_gap": 0.21726881285492955
    },
    "settled_block_zero_evidence_calibration": {
      "definition": "trials at least 15 trials after the most recent switch",
      "low_p_right_block": 0.3621445163920761,
      "high_p_right_block": 0.5918802829077311,
      "mean_absolute_error_to_true_prior": 0.1915868153358424
    }
  }
}