{
  "accuracy": 0.8064009424700569,
  "acc_vs_correct_side": 0.8064009424700569,
  "cross_entropy": 1.0669443375471301,
  "ce_vs_correct_side": 1.0669443375471301,
  "domain": "real",
  "regime": "full_information",
  "model_id": "gru",
  "stage": "real_regime",
  "n_sessions": 8,
  "n_trials_pooled": 5093,
  "kyan_diagnostics": {
    "zero_contrast_observed_choice_probability": {
      "low_p_right_block": 0.0005472639490025453,
      "high_p_right_block": 0.9994476488901596
    },
    "counterfactual_zero_evidence_choice_probability": {
      "low_p_right_block": 0.0005020448922509068,
      "high_p_right_block": 0.9994753409446605,
      "history_gap": 0.9989732960524096
    },
    "settled_block_zero_evidence_calibration": {
      "definition": "trials at least 15 trials after the most recent switch",
      "low_p_right_block": 0.0003355388214122225,
      "high_p_right_block": 0.9995890473807997,
      "mean_absolute_error_to_true_prior": 0.19617428883000615
    }
  }
}