{
  "stage": "real_transfer",
  "model_id": "tanh_bptt",
  "acc_vs_correct_side": 0.8173777315296566,
  "acc_vs_mouse_choice": 0.7572320499479709,
  "ce_vs_correct_side": 0.35506916285937923,
  "ce_vs_mouse_choice": 0.5888410957564407,
  "n_sessions": 10
}