{
  "accuracy": 0.8362458276065188,
  "acc_vs_correct_side": 0.8362458276065188,
  "cross_entropy": 0.35137333482748917,
  "ce_vs_correct_side": 0.35137333482748917,
  "domain": "real",
  "regime": "history_only",
  "model_id": "gru_pc",
  "stage": "real_regime",
  "n_sessions": 8,
  "n_trials_pooled": 5093,
  "kyan_diagnostics": {
    "zero_contrast_observed_choice_probability": {
      "low_p_right_block": 0.42323576454543965,
      "high_p_right_block": 0.6054320380882986
    },
    "counterfactual_zero_evidence_choice_probability": {
      "low_p_right_block": 0.4283183517500846,
      "high_p_right_block": 0.6140147351110233,
      "history_gap": 0.18569638336093874
    },
    "settled_block_zero_evidence_calibration": {
      "definition": "trials at least 15 trials after the most recent switch",
      "low_p_right_block": 0.41655322022355656,
      "high_p_right_block": 0.6225278182066767,
      "mean_absolute_error_to_true_prior": 0.19125721798688225
    }
  }
}