{
  "stage": "real_transfer",
  "model_id": "gru",
  "acc_vs_correct_side": 0.8273673257023934,
  "acc_vs_mouse_choice": 0.7620187304890739,
  "ce_vs_correct_side": 0.3460178307558199,
  "ce_vs_mouse_choice": 0.6169800025460282,
  "n_sessions": 10
}