{
  "accuracy": 0.7904967602591793,
  "acc_vs_correct_side": 0.7904967602591793,
  "cross_entropy": 1.1203109313811601,
  "ce_vs_correct_side": 1.1203109313811601,
  "domain": "real",
  "regime": "full_information",
  "model_id": "bayes",
  "stage": "real_regime",
  "n_sessions": 8,
  "n_trials_pooled": 5093,
  "kyan_diagnostics": {
    "zero_contrast_observed_choice_probability": {
      "low_p_right_block": 0.0008237139936331193,
      "high_p_right_block": 0.999167566814509
    },
    "counterfactual_zero_evidence_choice_probability": {
      "low_p_right_block": 0.0007938719525188184,
      "high_p_right_block": 0.9992239054486639,
      "history_gap": 0.9984300334961451
    },
    "settled_block_zero_evidence_calibration": {
      "definition": "trials at least 15 trials after the most recent switch",
      "low_p_right_block": 0.0007560741588443512,
      "high_p_right_block": 0.9992385013882833,
      "mean_absolute_error_to_true_prior": 0.1957095382397057
    }
  }
}