{
  "accuracy": 0.7542143600416233,
  "acc_vs_correct_side": 0.7542143600416233,
  "acc_vs_mouse_choice": 0.6611862643080125,
  "cross_entropy": 0.417490148953492,
  "ce_vs_correct_side": 0.417490148953492,
  "ce_vs_mouse_choice": 0.7723640111616846,
  "domain": "real",
  "regime": "history_only",
  "model_id": "tanh_pc",
  "stage": "real_regime",
  "n_sessions": 10,
  "n_trials_pooled": 9610,
  "kyan_diagnostics": {
    "zero_contrast_observed_choice_probability": {
      "low_p_right_block": 0.5711337667711398,
      "high_p_right_block": 0.6611438027823054
    },
    "counterfactual_zero_evidence_choice_probability": {
      "low_p_right_block": 0.573604868403999,
      "high_p_right_block": 0.6648647327332625,
      "history_gap": 0.09125986432926347
    },
    "settled_block_zero_evidence_calibration": {
      "definition": "trials at least 15 trials after the most recent switch",
      "low_p_right_block": 0.5562396283433564,
      "high_p_right_block": 0.6732679844084463,
      "mean_absolute_error_to_true_prior": 0.24893837083901726
    }
  }
}