{
  "accuracy": 0.8146475554682898,
  "acc_vs_correct_side": 0.8146475554682898,
  "cross_entropy": 0.3397972298317998,
  "ce_vs_correct_side": 0.3397972298317998,
  "domain": "real",
  "regime": "history_only",
  "model_id": "tanh_bptt",
  "stage": "real_regime",
  "n_sessions": 8,
  "n_trials_pooled": 5093,
  "kyan_diagnostics": {
    "zero_contrast_observed_choice_probability": {
      "low_p_right_block": 0.29307243835187446,
      "high_p_right_block": 0.6805946364761166
    },
    "counterfactual_zero_evidence_choice_probability": {
      "low_p_right_block": 0.28377504654602764,
      "high_p_right_block": 0.6884728797684161,
      "history_gap": 0.40469783322238845
    },
    "settled_block_zero_evidence_calibration": {
      "definition": "trials at least 15 trials after the most recent switch",
      "low_p_right_block": 0.24392094187134591,
      "high_p_right_block": 0.7250065500723637,
      "mean_absolute_error_to_true_prior": 0.0802580260413786
    }
  }
}