{
  "stage": "synth_heldout",
  "model_id": "tanh_bptt",
  "accuracy": 0.8103135091496233,
  "cross_entropy": 0.39856481777679786,
  "acc_block_p_right_0.2": 0.8211155649160948,
  "acc_block_p_right_0.5": 0.6935286935286935,
  "acc_block_p_right_0.8": 0.8127290404606985,
  "zero_contrast_p_choice_right_mean": 0.48077494959197714,
  "zero_contrast_n": 5780,
  "kyan_diagnostics": {
    "zero_contrast_observed_choice_probability": {
      "low_p_right_block": 0.3022609615946137,
      "high_p_right_block": 0.6774579286445159
    },
    "counterfactual_zero_evidence_choice_probability": {
      "low_p_right_block": 0.2868373097707182,
      "high_p_right_block": 0.6920907908251563,
      "history_gap": 0.40525348105443815
    },
    "settled_block_zero_evidence_calibration": {
      "definition": "trials at least 15 trials after the most recent switch",
      "low_p_right_block": 0.24722975748890827,
      "high_p_right_block": 0.7356297904292967,
      "mean_absolute_error_to_true_prior": 0.0622867791719265
    }
  }
}