{
  "stage": "synth_heldout",
  "model_id": "bayes",
  "accuracy": 0.7764733584499461,
  "cross_entropy": 0.4561977244367249,
  "acc_block_0.2": 0.7828135517164012,
  "acc_block_0.5": 0.7307692307692307,
  "acc_block_0.8": 0.7757999864121203,
  "zero_contrast_p_right_mean": 0.4982677954213639,
  "zero_contrast_n": 5780
}