{
  "stage": "synth_heldout",
  "model_id": "gru",
  "accuracy": 0.8128363832077503,
  "cross_entropy": 0.39564594605132836,
  "acc_block_p_right_0.2": 0.8175827162171343,
  "acc_block_p_right_0.5": 0.7051282051282052,
  "acc_block_p_right_0.8": 0.8208062224216588,
  "zero_contrast_p_choice_right_mean": 0.4865212936829175,
  "zero_contrast_n": 5780,
  "kyan_diagnostics": {
    "zero_contrast_observed_choice_probability": {
      "low_p_right_block": 0.306098444431065,
      "high_p_right_block": 0.6809515397461068
    },
    "counterfactual_zero_evidence_choice_probability": {
      "low_p_right_block": 0.29012796320508916,
      "high_p_right_block": 0.6991167870299706,
      "history_gap": 0.40898882382488144
    },
    "settled_block_zero_evidence_calibration": {
      "definition": "trials at least 15 trials after the most recent switch",
      "low_p_right_block": 0.24929751595106275,
      "high_p_right_block": 0.7360591899959077,
      "mean_absolute_error_to_true_prior": 0.06294526510224994
    }
  }
}