{
  "cache_signature": "f01de9526b8a7facda720543e1579f80dde3e90c5e1ac446586e926fcf6042e5",
  "signature_payload": {
    "cache_schema": 2,
    "panel": "models_mlp4",
    "analysis_script_sha256": "d33480a21627166f26bbfc409f9e872965b1953351ee9329c8d15872565031db",
    "decoder_source_sha256": "a038fe422c0d20abf0668194efc32433c1bf4db47c19d53f589666853ee402bd",
    "config_sha256": "4979720e42e9b3a1ccf1970623cf185e248ebfad7a072a81b26822212fdd14d6",
    "checkpoint_sha256": "57cccca3dd601997861366fb06cf783fa27786f22219914fd6c29b61d1ec810a",
    "model_id": "gru_pc",
    "model_seed": 7,
    "n_sessions": 48,
    "n_trials": 929,
    "before": 30,
    "after": 30,
    "split_seed": 23017,
    "batch_seed": 10007,
    "input_seed": 10008,
    "decoder_seeds": [
      101,
      202,
      303
    ],
    "decoder_settings": {
      "logistic_epochs": 80,
      "mlp_epochs": 120,
      "batch_size": 256,
      "patience": 12,
      "max_train_samples": null,
      "max_validation_samples": null,
      "mlp_hidden_size": 64,
      "learning_rate": 0.01,
      "weight_decay": 0.0001
    }
  },
  "seed_result": {
    "checkpoint": "artifacts/v2/models/gru_pc/model.npz",
    "mlp": {
      "offsets": [
        -30,
        -29,
        -28,
        -27,
        -26,
        -25,
        -24,
        -23,
        -22,
        -21,
        -20,
        -19,
        -18,
        -17,
        -16,
        -15,
        -14,
        -13,
        -12,
        -11,
        -10,
        -9,
        -8,
        -7,
        -6,
        -5,
        -4,
        -3,
        -2,
        -1,
        0,
        1,
        2,
        3,
        4,
        5,
        6,
        7,
        8,
        9,
        10,
        11,
        12,
        13,
        14,
        15,
        16,
        17,
        18,
        19,
        20,
        21,
        22,
        23,
        24,
        25,
        26,
        27,
        28,
        29,
        30
      ],
      "balanced_accuracy": [
        0.824969400244798,
        0.8234394124847002,
        0.8598531211750307,
        0.811811505507956,
        0.7521419828641371,
        0.7071603427172584,
        0.8512851897184822,
        0.8396572827417381,
        0.8427172582619339,
        0.8543451652386781,
        0.8791309669522644,
        0.8861689106487147,
        0.8093635250917992,
        0.8381272949816401,
        0.8280293757649939,
        0.9069767441860466,
        0.8528151774785802,
        0.8093635250917992,
        0.8280293757649939,
        0.7870257037943696,
        0.7900856793145654,
        0.7916156670746635,
        0.8644430844553244,
        0.8133414932680538,
        0.8497552019583843,
        0.7753977968176254,
        0.8209914320685434,
        0.9008567931456548,
        0.8644430844553244,
        0.8188494492044064,
        0.18971848225214197,
        0.6328029375764994,
        0.6909424724602203,
        0.7799877600979193,
        0.8326193390452876,
        0.8861689106487147,
        0.8528151774785802,
        0.768359853121175,
        0.811811505507956,
        0.8760709914320686,
        0.8482252141982864,
        0.7885556915544676,
        0.9504283965728274,
        0.8613831089351285,
        0.8629130966952264,
        0.8133414932680538,
        0.8017135862913096,
        0.8001835985312118,
        0.7637698898408812,
        0.8442472460220318,
        0.8295593635250917,
        0.7597919216646267,
        0.753671970624235,
        0.8032435740514076,
        0.8017135862913096,
        0.7885556915544676,
        0.8280293757649939,
        0.826499388004896,
        0.8659730722154223,
        0.841187270501836,
        0.8528151774785802
      ],
      "n_switches": 81,
      "n_low_to_high": 43,
      "n_high_to_low": 38,
      "best_epoch_by_decoder_seed": [
        29,
        10,
        4
      ]
    }
  }
}