{
  "cache_signature": "957f699833fee2b7e40278c57f7e30383a3dad98a9e08d156c067bba26be436a",
  "signature_payload": {
    "cache_schema": 2,
    "panel": "models_mlp4",
    "analysis_script_sha256": "d33480a21627166f26bbfc409f9e872965b1953351ee9329c8d15872565031db",
    "decoder_source_sha256": "a038fe422c0d20abf0668194efc32433c1bf4db47c19d53f589666853ee402bd",
    "config_sha256": "4979720e42e9b3a1ccf1970623cf185e248ebfad7a072a81b26822212fdd14d6",
    "checkpoint_sha256": "fbf6d76ab3016aa608b715e07b9c67c293bf0aaf4b3e6eb70e63c391f7dfe6c4",
    "model_id": "tanh_bptt",
    "model_seed": 7,
    "n_sessions": 48,
    "n_trials": 929,
    "before": 30,
    "after": 30,
    "split_seed": 23017,
    "batch_seed": 10007,
    "input_seed": 10008,
    "decoder_seeds": [
      101,
      202,
      303
    ],
    "decoder_settings": {
      "logistic_epochs": 80,
      "mlp_epochs": 120,
      "batch_size": 256,
      "patience": 12,
      "max_train_samples": null,
      "max_validation_samples": null,
      "mlp_hidden_size": 64,
      "learning_rate": 0.01,
      "weight_decay": 0.0001
    }
  },
  "seed_result": {
    "checkpoint": "artifacts/v2/models/tanh_bptt/model.npz",
    "mlp": {
      "offsets": [
        -30,
        -29,
        -28,
        -27,
        -26,
        -25,
        -24,
        -23,
        -22,
        -21,
        -20,
        -19,
        -18,
        -17,
        -16,
        -15,
        -14,
        -13,
        -12,
        -11,
        -10,
        -9,
        -8,
        -7,
        -6,
        -5,
        -4,
        -3,
        -2,
        -1,
        0,
        1,
        2,
        3,
        4,
        5,
        6,
        7,
        8,
        9,
        10,
        11,
        12,
        13,
        14,
        15,
        16,
        17,
        18,
        19,
        20,
        21,
        22,
        23,
        24,
        25,
        26,
        27,
        28,
        29,
        30
      ],
      "balanced_accuracy": [
        0.9023867809057528,
        0.927172582619339,
        0.9473684210526316,
        0.9736842105263157,
        0.9736842105263157,
        0.9620563035495715,
        0.9767441860465116,
        0.9488984088127295,
        0.9488984088127295,
        0.9635862913096696,
        0.9752141982864138,
        0.9883720930232558,
        0.9767441860465116,
        0.9651162790697674,
        0.9883720930232558,
        0.9651162790697674,
        0.9767441860465116,
        0.9403304773561811,
        0.9504283965728274,
        0.9752141982864138,
        0.9752141982864138,
        0.9403304773561811,
        0.9767441860465116,
        1.0,
        1.0,
        0.9635862913096696,
        0.9767441860465116,
        0.9767441860465116,
        0.9752141982864138,
        0.9752141982864138,
        0.02478580171358629,
        0.06272949816401469,
        0.2579559363525092,
        0.5189718482252141,
        0.7203182374541004,
        0.7946756425948592,
        0.9039167686658507,
        0.8821909424724602,
        0.9170746634026927,
        0.9155446756425949,
        0.9504283965728274,
        0.925642594859241,
        0.9883720930232558,
        0.9767441860465116,
        1.0,
        0.9883720930232558,
        0.9752141982864138,
        0.9883720930232558,
        0.986842105263158,
        0.9752141982864138,
        0.9519583843329253,
        0.9504283965728274,
        0.9504283965728274,
        0.9519583843329253,
        0.9504283965728274,
        0.9488984088127295,
        0.9519583843329253,
        0.9736842105263157,
        0.9883720930232558,
        0.9767441860465116,
        0.9883720930232558
      ],
      "n_switches": 81,
      "n_low_to_high": 43,
      "n_high_to_low": 38,
      "best_epoch_by_decoder_seed": [
        2,
        7,
        11
      ]
    }
  }
}