{
  "cache_signature": "d878bf802249ae9ba6611c82dbc613501c1456ffccc2a0c88d901f07f520a2a9",
  "signature_payload": {
    "cache_schema": 2,
    "panel": "models_mlp4",
    "analysis_script_sha256": "d33480a21627166f26bbfc409f9e872965b1953351ee9329c8d15872565031db",
    "decoder_source_sha256": "a038fe422c0d20abf0668194efc32433c1bf4db47c19d53f589666853ee402bd",
    "config_sha256": "4979720e42e9b3a1ccf1970623cf185e248ebfad7a072a81b26822212fdd14d6",
    "checkpoint_sha256": "a8bb56dfcf1d3ec4fee1e836b0d25329c1b78b997f24a8ae8d4b2b464f3dcd63",
    "model_id": "tanh_pc",
    "model_seed": 7,
    "n_sessions": 48,
    "n_trials": 929,
    "before": 30,
    "after": 30,
    "split_seed": 23017,
    "batch_seed": 10007,
    "input_seed": 10008,
    "decoder_seeds": [
      101,
      202,
      303
    ],
    "decoder_settings": {
      "logistic_epochs": 80,
      "mlp_epochs": 120,
      "batch_size": 256,
      "patience": 12,
      "max_train_samples": null,
      "max_validation_samples": null,
      "mlp_hidden_size": 64,
      "learning_rate": 0.01,
      "weight_decay": 0.0001
    }
  },
  "seed_result": {
    "checkpoint": "artifacts/v2/models/tanh_pc/model.npz",
    "mlp": {
      "offsets": [
        -30,
        -29,
        -28,
        -27,
        -26,
        -25,
        -24,
        -23,
        -22,
        -21,
        -20,
        -19,
        -18,
        -17,
        -16,
        -15,
        -14,
        -13,
        -12,
        -11,
        -10,
        -9,
        -8,
        -7,
        -6,
        -5,
        -4,
        -3,
        -2,
        -1,
        0,
        1,
        2,
        3,
        4,
        5,
        6,
        7,
        8,
        9,
        10,
        11,
        12,
        13,
        14,
        15,
        16,
        17,
        18,
        19,
        20,
        21,
        22,
        23,
        24,
        25,
        26,
        27,
        28,
        29,
        30
      ],
      "balanced_accuracy": [
        0.7870257037943696,
        0.810281517747858,
        0.8730110159118727,
        0.7870257037943696,
        0.7916156670746635,
        0.7567319461444308,
        0.8861689106487147,
        0.8381272949816401,
        0.7698898408812729,
        0.8280293757649939,
        0.9039167686658507,
        0.8629130966952264,
        0.8310893512851898,
        0.824969400244798,
        0.8659730722154223,
        0.8442472460220318,
        0.8512851897184822,
        0.8093635250917992,
        0.8396572827417381,
        0.810281517747858,
        0.7652998776009792,
        0.7288861689106487,
        0.811811505507956,
        0.8234394124847002,
        0.810281517747858,
        0.7420440636474908,
        0.8209914320685434,
        0.8892288861689106,
        0.8148714810281518,
        0.780905752753978,
        0.17503059975520197,
        0.7668298653610771,
        0.7157282741738066,
        0.7946756425948592,
        0.8806609547123623,
        0.8776009791921664,
        0.8528151774785802,
        0.7799877600979193,
        0.811811505507956,
        0.8148714810281518,
        0.824969400244798,
        0.7885556915544676,
        0.925642594859241,
        0.8892288861689106,
        0.8512851897184822,
        0.8396572827417381,
        0.7916156670746635,
        0.8148714810281518,
        0.7652998776009792,
        0.8310893512851898,
        0.8047735618115055,
        0.7698898408812729,
        0.8017135862913096,
        0.7652998776009792,
        0.7885556915544676,
        0.8148714810281518,
        0.7916156670746635,
        0.841187270501836,
        0.8543451652386781,
        0.8032435740514076,
        0.8148714810281518
      ],
      "n_switches": 81,
      "n_low_to_high": 43,
      "n_high_to_low": 38,
      "best_epoch_by_decoder_seed": [
        7,
        33,
        6
      ]
    }
  }
}