region,test,best_model,second_model,n,delta,ci_low,ci_high,p_boot,ve_cand,ve_base,p_holm,survive_alpha_05
ACAd,matched_best_vs_second_session_bootstrap,gru,tanh_bptt,4,0.0010076048970532187,-0.007184565718852259,0.006403537085007523,0.674,0.034428498046310374,0.033420893149257155,0.674,False
MOp,matched_best_vs_second_session_bootstrap,gru,tanh_bptt,3,0.010526085656325582,0.001323682304589402,0.023956631430480213,0.0,0.12860234363836368,0.1180762579820381,0.0,True
MOs,matched_best_vs_second_session_bootstrap,gru,tanh_bptt,8,0.007892570422758205,0.0027786948473599036,0.01360874753396615,0.0,0.20531355564570636,0.19742098522294815,0.0,True
vlOFC_orbvl,matched_best_vs_second_session_bootstrap,gru,tanh_bptt,5,0.010681485738727237,0.0020365142414712494,0.021983293612191562,0.0,0.19746444829653503,0.1867829625578078,0.0,True
