region,n_sessions,auroc_mean,auroc_sem,accuracy_mean,units_mean,ve_mean,ve_sem
MOs,7,0.7111977703976231,0.036672022217681656,0.6730814768674624,47.57142857142857,0.22380335345622468,0.06975246013201693
ORBvl,2,0.7018519722691352,0.035836060896405356,0.6595891057113967,99.5,0.18511705567171882,0.03185583402115729
MOp,5,0.6815294299420217,0.02754858122553113,0.6419314274692177,47.0,0.13872159517316293,0.03897769228591177
ACAd,4,0.6348565146624593,0.02949278935860841,0.6144004575194898,15.0,0.09955083992352187,0.03788050697343915
CL,1,0.616545842496363,0.0,0.6060917914451543,29.0,0.07823523249647768,0.0
