{
  "created_utc": "2026-07-21T01:21:16.465239+00:00",
  "n_eids": 10,
  "eids": [
    "30ca9591-14d3-493c-8b9c-ae13ae8246d9",
    "257ec2b8-6e8d-4b98-99de-a232b58fde2c",
    "0c54f6b0-b3b0-4546-a6a0-d86245ad0b2b",
    "76edf716-f3c5-4823-95f3-9d37ed9cbeae",
    "da665ec4-445d-4d7e-a0dd-b3b156213754",
    "a15c8461-1899-4477-9f2b-d60ea52d7cba",
    "edf88809-e5e3-4274-a74e-72d2975ea292",
    "b052b9d7-3bfa-4d23-b195-99cfbd3f467c",
    "81f90b18-e61c-4d32-bbce-3e0c5f33f06c",
    "ba892860-149e-4bff-9961-aa6583d96661"
  ],
  "pooled": {
    "go_minus_stim": {
      "name": "go_minus_stim",
      "n": 9818,
      "median": 0.01600000000030377,
      "mean": 0.009499280233584371,
      "p05": 0.0008333333333325754,
      "p25": 0.0009666666669545521,
      "p75": 0.017000000000280124,
      "p95": 0.01979999999997517,
      "frac_within_100ms": 0.9998981462619678,
      "frac_negative": 0.0
    },
    "resp_minus_go": {
      "name": "resp_minus_go",
      "n": 9818,
      "median": 0.4133850149351588,
      "mean": 1.2521059610801704,
      "p05": 0.1916999999998552,
      "p25": 0.29033775435800635,
      "p75": 0.9495433721324957,
      "p95": 4.575550000000042,
      "frac_within_100ms": 0.005296394377673661,
      "frac_negative": 0.0
    },
    "fb_minus_resp": {
      "name": "fb_minus_resp",
      "n": 9818,
      "median": 0.00010000000020227162,
      "mean": 0.00431826313385751,
      "p05": 8.497065181245489e-05,
      "p25": 9.999999974752427e-05,
      "p75": 0.0007571951335876292,
      "p95": 0.03049999999996089,
      "frac_within_100ms": 1.0,
      "frac_negative": 0.0
    },
    "off_minus_stim": {
      "name": "off_minus_stim",
      "n": 4750,
      "median": 1.4835166666666737,
      "mean": 2.3762639719298253,
      "p05": 1.2666816666666363,
      "p25": 1.350233333333108,
      "p75": 2.3504583333331084,
      "p95": 5.55221833333329,
      "frac_within_100ms": 0.0,
      "frac_negative": 0.0
    }
  },
  "per_eid": [
    {
      "eid": "30ca9591-14d3-493c-8b9c-ae13ae8246d9",
      "n_ok_trials": 1195,
      "deltas": {
        "go_minus_stim": {
          "name": "go_minus_stim",
          "n": 1195,
          "median": 0.016999999999995907,
          "mean": 0.017437071129705852,
          "p05": 0.016100000000210456,
          "p25": 0.016599999999925785,
          "p75": 0.017749999999978172,
          "p95": 0.02040000000033615,
          "frac_within_100ms": 1.0,
          "frac_negative": 0.0
        },
        "resp_minus_go": {
          "name": "resp_minus_go",
          "n": 1195,
          "median": 0.5865999999996347,
          "mean": 1.4327062761506275,
          "p05": 0.18813000000009197,
          "p25": 0.3147000000000162,
          "p75": 1.4550499999998578,
          "p95": 4.312489999999843,
          "frac_within_100ms": 0.0100418410041841,
          "frac_negative": 0.0
        },
        "fb_minus_resp": {
          "name": "fb_minus_resp",
          "n": 1195,
          "median": 0.00010000000020227162,
          "mean": 0.007635732217574688,
          "p05": 9.999999974752427e-05,
          "p25": 9.999999997489795e-05,
          "p75": 0.00010000000020227162,
          "p95": 0.032099999999917375,
          "frac_within_100ms": 1.0,
          "frac_negative": 0.0
        }
      }
    },
    {
      "eid": "257ec2b8-6e8d-4b98-99de-a232b58fde2c",
      "n_ok_trials": 689,
      "deltas": {
        "go_minus_stim": {
          "name": "go_minus_stim",
          "n": 689,
          "median": 0.0009666666667271784,
          "mean": 0.0009800193517141796,
          "p05": 0.0008000000000265572,
          "p25": 0.0009000000000014552,
          "p75": 0.0010666666667020763,
          "p95": 0.001166666666672711,
          "frac_within_100ms": 1.0,
          "frac_negative": 0.0
        },
        "resp_minus_go": {
          "name": "resp_minus_go",
          "n": 689,
          "median": 0.37278852077474767,
          "mean": 0.9182582097818357,
          "p05": 0.1906160674883722,
          "p25": 0.2466418156209329,
          "p75": 0.6506782380034792,
          "p95": 3.6469048779815254,
          "frac_within_100ms": 0.001451378809869376,
          "frac_negative": 0.0
        },
        "fb_minus_resp": {
          "name": "fb_minus_resp",
          "n": 689,
          "median": 0.00010349038484491757,
          "mean": 0.0003483698021047355,
          "p05": 8.207489654523669e-05,
          "p25": 9.15663897558261e-05,
          "p75": 0.0008215314507538096,
          "p95": 0.0010247655165585457,
          "frac_within_100ms": 1.0,
          "frac_negative": 0.0
        },
        "off_minus_stim": {
          "name": "off_minus_stim",
          "n": 689,
          "median": 1.6001333333333605,
          "mean": 2.282934591194969,
          "p05": 1.2502333333332445,
          "p25": 1.3501666666666097,
          "p75": 2.466933333333344,
          "p95": 5.253853333333339,
          "frac_within_100ms": 0.0,
          "frac_negative": 0.0
        }
      }
    },
    {
      "eid": "0c54f6b0-b3b0-4546-a6a0-d86245ad0b2b",
      "n_ok_trials": 955,
      "deltas": {
        "go_minus_stim": {
          "name": "go_minus_stim",
          "n": 955,
          "median": 0.01700000000005275,
          "mean": 0.017456544502616998,
          "p05": 0.016099999999823922,
          "p25": 0.016599999999925785,
          "p75": 0.01770000000007599,
          "p95": 0.020500000000083674,
          "frac_within_100ms": 1.0,
          "frac_negative": 0.0
        },
        "resp_minus_go": {
          "name": "resp_minus_go",
          "n": 955,
          "median": 0.4076999999997497,
          "mean": 1.0397014659685886,
          "p05": 0.14384000000004563,
          "p25": 0.26319999999998345,
          "p75": 1.0807500000000232,
          "p95": 3.8885200000000806,
          "frac_within_100ms": 0.020942408376963352,
          "frac_negative": 0.0
        },
        "fb_minus_resp": {
          "name": "fb_minus_resp",
          "n": 955,
          "median": 0.00010000000008858478,
          "mean": 0.008250575916232905,
          "p05": 9.999999974752427e-05,
          "p25": 9.999999997489795e-05,
          "p75": 0.0272499999999809,
          "p95": 0.032030000000077045,
          "frac_within_100ms": 1.0,
          "frac_negative": 0.0
        }
      }
    },
    {
      "eid": "76edf716-f3c5-4823-95f3-9d37ed9cbeae",
      "n_ok_trials": 1408,
      "deltas": {
        "go_minus_stim": {
          "name": "go_minus_stim",
          "n": 1408,
          "median": 0.0009666666669545521,
          "mean": 0.0009832386363525514,
          "p05": 0.0008000000004130925,
          "p25": 0.0009000000000014552,
          "p75": 0.0010666666667020763,
          "p95": 0.0011333333336551732,
          "frac_within_100ms": 1.0,
          "frac_negative": 0.0
        },
        "resp_minus_go": {
          "name": "resp_minus_go",
          "n": 1408,
          "median": 0.3300203326331257,
          "mean": 0.5536121906191936,
          "p05": 0.20242339516037192,
          "p25": 0.2781105543749618,
          "p75": 0.4333776634053663,
          "p95": 0.9191997082693875,
          "frac_within_100ms": 0.0014204545454545455,
          "frac_negative": 0.0
        },
        "fb_minus_resp": {
          "name": "fb_minus_resp",
          "n": 1408,
          "median": 0.00010104486023010395,
          "mean": 0.0002831218808121629,
          "p05": 8.137090803757019e-05,
          "p25": 9.038360855129213e-05,
          "p75": 0.00012137139418655352,
          "p95": 0.0010024333436376763,
          "frac_within_100ms": 1.0,
          "frac_negative": 0.0
        },
        "off_minus_stim": {
          "name": "off_minus_stim",
          "n": 1408,
          "median": 1.4168333333336705,
          "mean": 1.8353486979166647,
          "p05": 1.2668116666668083,
          "p25": 1.3500666666668621,
          "p75": 2.1044916666667177,
          "p95": 2.733715000000018,
          "frac_within_100ms": 0.0,