{
  "created_utc": "2026-07-22T01:17:49.660912+00:00",
  "source_trials": "data/processed/trials/all_trials.parquet",
  "n_trials": 9610,
  "n_eids": 10,
  "probability_left_levels": [
    0.2,
    0.5,
    0.8
  ],
  "note_p_right": "Generator samples probabilityLeft then sets p_right = 1 - probabilityLeft",
  "session_start_probability_left": {
    "0.5": 1.0,
    "0.2": 0.0,
    "0.8": 0.0
  },
  "block_transition_probability_left": {
    "0.2": {
      "0.2": 0.0,
      "0.5": 0.0,
      "0.8": 1.0
    },
    "0.5": {
      "0.2": 0.4,
      "0.5": 0.0,
      "0.8": 0.6
    },
    "0.8": {
      "0.2": 1.0,
      "0.5": 0.0,
      "0.8": 0.0
    }
  },
  "block_length": {
    "min": 10,
    "max": 100,
    "values": [
      10,
      12,
      18,
      20,
      21,
      22,
      23,
      24,
      25,
      26,
      27,
      28,
      29,
      30,
      31,
      32,
      33,
      34,
      35,
      36,
      37,
      38,
      39,
      41,
      42,
      43,
      44,
      45,
      46,
      48,
      49,
      50,
      51,
      52,
      53,
      54,
      55,
      56,
      57,
      58,
      59,
      60,
      61,
      62,
      63,
      64,
      67,
      68,
      69,
      71,
      72,
      74,
      75,
      76,
      77,
      79,
      81,
      82,
      83,
      84,
      85,
      86,
      87,
      88,
      89,
      91,
      93,
      94,
      97,
      98
    ],
    "probabilities": [
      0.02512562814070352,
      0.005025125628140704,
      0.005025125628140704,
      0.02512562814070352,
      0.020100502512562814,
      0.01507537688442211,
      0.020100502512562814,
      0.02512562814070352,
      0.010050251256281407,
      0.01507537688442211,
      0.03015075376884422,
      0.035175879396984924,
      0.020100502512562814,
      0.01507537688442211,
      0.01507537688442211,
      0.020100502512562814,
      0.010050251256281407,
      0.010050251256281407,
      0.03015075376884422,
      0.02512562814070352,
      0.01507537688442211,
      0.020100502512562814,
      0.020100502512562814,
      0.01507537688442211,
      0.010050251256281407,
      0.02512562814070352,
      0.01507537688442211,
      0.01507537688442211,
      0.04020100502512563,
      0.010050251256281407,
      0.010050251256281407,
      0.010050251256281407,
      0.010050251256281407,
      0.02512562814070352,
      0.010050251256281407,
      0.01507537688442211,
      0.005025125628140704,
      0.01507537688442211,
      0.010050251256281407,
      0.010050251256281407,
      0.020100502512562814,
      0.005025125628140704,
      0.010050251256281407,
      0.020100502512562814,
      0.010050251256281407,
      0.005025125628140704,
      0.005025125628140704,
      0.020100502512562814,
      0.03015075376884422,
      0.010050251256281407,
      0.005025125628140704,
      0.005025125628140704,
      0.005025125628140704,
      0.005025125628140704,
      0.020100502512562814,
      0.005025125628140704,
      0.005025125628140704,
      0.010050251256281407,
      0.005025125628140704,
      0.01507537688442211,
      0.010050251256281407,
      0.020100502512562814,
      0.005025125628140704,
      0.010050251256281407,
      0.02512562814070352,
      0.010050251256281407,
      0.005025125628140704,
      0.005025125628140704,
      0.005025125628140704,
      0.005025125628140704
    ],
    "empirical_mean": 48.29145728643216,
    "empirical_median": 45.0
  },
  "contrast": {
    "levels": [
      0.0,
      0.0625,
      0.125,
      0.25,
      1.0
    ],
    "probabilities": [
      0.19719042663891778,
      0.2016649323621228,
      0.2125910509885536,
      0.19500520291363163,
      0.1935483870967742
    ]
  },
  "trials_per_session": {
    "mean": 961.0,
    "median": 929.5,
    "min": 675,
    "max": 1378,
    "default_synth": 929
  },
  "timing_s": {
    "bin_size_s": 0.1,
    "go_minus_stim_median": 0.01600000000030377,
    "resp_minus_go_median": 0.4133850149351588,
    "fb_minus_resp_median": 0.00010000000020227162,
    "off_minus_stim_median": 1.4835166666666737
  },
  "phase_ticks": {
    "bin_size_s": 0.1,
    "baseline_ticks": 2,
    "go_offset_from_stim_ticks": 0,
    "response_offset_from_go_ticks": 4,
    "feedback_ticks": 2,
    "stim_duration_ticks": 15
  }
}